id,Name
1,Sleek Granite Bench
2,Ergonomic Copper Lamp
3,Aerodynamic Cotton Coat
4,Enormous Linen Lamp
5,Practical Cotton Pants
6,Enormous Bronze Gloves
7,Ergonomic Leather Lamp
8,Aerodynamic Plastic Bottle
9,Practical Concrete Lamp
10,Rustic Linen Bottle
11,Enormous Bronze Shirt
12,Enormous Copper Clock
13,Small Marble Keyboard
14,Incredible Copper Lamp
15,Lightweight Bronze Wallet
16,Lightweight Leather Chair
17,Synergistic Granite Hat
18,Aerodynamic Wool Watch
19,Synergistic Concrete Watch
20,Awesome Wool Bench
21,Rustic Granite Table
22,Fantastic Wool Coat
23,Enormous Cotton Gloves
24,Aerodynamic Bronze Gloves
25,Incredible Paper Computer
26,Aerodynamic Linen Lamp
27,Heavy Duty Silk Bottle
28,Incredible Bronze Clock
29,Heavy Duty Linen Knife